session_id,sender,timestamp,message
341de5e3-2a56-4ac2-8e07-33518067d9f9,user,2024/05/22 12:02:10,スケーリング則とな何か？簡略に説明して
341de5e3-2a56-4ac2-8e07-33518067d9f9,chatgpt,2024/05/22 12:02:10,スケーリング則は、物理現象や生物学的な特性の中で観察されるパターンや関係性のことを指します。これらの則は、ある特性が他の特性とどのように関連しているかを示す数学的な関係を表しています。具体的なスケーリング則は、研究対象や文脈によって異なりますが、例えば生物の体サイズと代謝率の関係や都市の人口とインフラストラクチャーの関係などが挙げられます。
341de5e3-2a56-4ac2-8e07-33518067d9f9,user,2024/05/22 12:03:28,創発的能力とは何ですか？
341de5e3-2a56-4ac2-8e07-33518067d9f9,chatgpt,2024/05/22 12:03:28,創発的能力とは、予測や設計によっては予測できない新たな能力や特性が、大規模モデルによって突然に現れることを指します。これは事前にプログラムされたり設計されたりするものではなく、モデル自体が学習や進化の過程で自己組織化されることによって生じるものです。創発的能力は、例えば複雑な問題の解決や新たな知識の獲得など、従来の予測や期待を超える成果をもたらすことがあります。
341de5e3-2a56-4ac2-8e07-33518067d9f9,user,2024/05/22 12:04:17,Transformerフレームワークとは何ですか？
341de5e3-2a56-4ac2-8e07-33518067d9f9,chatgpt,2024/05/22 12:04:17,Transformerフレームワークは、自然言語処理タスクにおいて非常に成功しているニューラルネットワークのアーキテクチャです。このフレームワークは、エンコーダとデコーダという2つの主要なコンポーネントから構成されています。エンコーダは、入力文をベクトル表現に変換する役割を担い、デコーダはエンコーダの出力を元に、出力文を生成する役割を担います。Transformerフレームワークは、従来のリカレントニューラルネットワークよりも長い文脈を考慮できるため、特に長い文や複雑な文の処理に優れています。
341de5e3-2a56-4ac2-8e07-33518067d9f9,user,2024/05/22 12:05:53,トークン化とは何ですか？
341de5e3-2a56-4ac2-8e07-33518067d9f9,chatgpt,2024/05/22 12:05:53,トークン化は、テキストを個々の単語や文字などの小さな単位に分割する処理のことを指します。テキストをトークンに分割することによって、機械学習モデルや自然言語処理システムがテキストを理解しやすくなります。トークン化は、文章の前処理の一部として行われることが一般的であり、トークン化されたテキストは、単語や文字などのトークンのシーケンスとして表現されます。
341de5e3-2a56-4ac2-8e07-33518067d9f9,user,2024/05/22 12:06:26,ベクトル化とは違うのですか？
341de5e3-2a56-4ac2-8e07-33518067d9f9,chatgpt,2024/05/22 12:06:26,ベクトル化は、テキストやデータを数値のベクトルに変換する処理のことを指します。一方、トークン化はテキストを小さな単位に分割する処理です。トークン化はベクトル化の前処理の一部として行われることがあります。トークン化されたテキストは、各トークンが数値のベクトルに変換されることでベクトル化されます。つまり、トークン化はテキストをベクトル化するための一部の手順です。
6d1b575f-ba8a-4eaf-80ef-5b7e4a09d856,user,2024/05/22 13:53:55,RAGとは何ですか？
6d1b575f-ba8a-4eaf-80ef-5b7e4a09d856,chatgpt,2024/05/22 13:53:55,RAGは、検索拡張生成（Retrieval Augmented Generation）の略称です。これは、LLM（Large Language Model）を文書検索を使用して拡張する手法です。具体的には、クエリと文書をベクトルで符号化し、クエリベクトルにユークリッドノルムで最も近いベクトルを持つ文書を検索します。その後、LLMは、クエリと取得した文書の両方に基づいて出力を生成します。
6d1b575f-ba8a-4eaf-80ef-5b7e4a09d856,user,2024/05/22 13:54:46,「クエリベクトルにユークリッドノルムで最も近いベクトルを持つ文書を検索」の意味がわかりません
6d1b575f-ba8a-4eaf-80ef-5b7e4a09d856,chatgpt,2024/05/22 13:54:46,"The method of searching for the document that has the vector closest to the query vector using the Euclidean norm means finding the document that is most similar to the query in terms of their vector representations. The Euclidean norm is a mathematical measure of the distance between two vectors. In this case, it is used to determine the similarity between the query vector and the vectors representing the documents. By finding the document with the closest vector, the retrieval augmented generation (RAG) technique can enhance the generation of output by the LLM based on both the query and the retrieved document."
6d1b575f-ba8a-4eaf-80ef-5b7e4a09d856,user,2024/05/22 13:54:59,日本語で答えて
6d1b575f-ba8a-4eaf-80ef-5b7e4a09d856,chatgpt,2024/05/22 13:54:59,クエリベクトルにユークリッドノルムで最も近いベクトルを持つ文書を検索するというのは、ベクトル表現に基づいてクエリと文書の類似度を計算し、最も類似した文書を見つけることを意味します。ユークリッドノルムは、2つのベクトル間の距離を計算するための数学的な尺度です。この場合、クエリベクトルと文書を表すベクトルとの類似度を求めるために使用されます。最も類似したベクトルを持つ文書を見つけることによって、検索拡張生成（RAG）手法は、クエリと取得した文書の両方に基づいてLLMによる出力の生成を向上させることができます。
6d1b575f-ba8a-4eaf-80ef-5b7e4a09d856,user,2024/05/22 13:56:37,具体的に「RAGを行う」とは、プログラミング的には（Lang Chaineなど）で何をするのでしょうか？
6d1b575f-ba8a-4eaf-80ef-5b7e4a09d856,chatgpt,2024/05/22 13:56:37,RAGを行うとは、プログラミング的には、クエリと文書をベクトルで符号化し、ユークリッドノルムで最も近いベクトルを持つ文書を検索することを意味します。その後、取得した文書とクエリの両方に基づいてLLMによる出力を生成します。具体的なプログラミング手法としては、言語チェーンなどの技術を使用することが考えられます。
6d1b575f-ba8a-4eaf-80ef-5b7e4a09d856,user,2024/05/22 13:57:03,言語チェーンなどの技術、とは？
6d1b575f-ba8a-4eaf-80ef-5b7e4a09d856,chatgpt,2024/05/22 13:57:03,言語チェーンは、複数の言語処理タスクを連鎖的に実行する技術です。これにより、一連の処理を効率的に実行することができます。具体的には、テキストの前処理、形態素解析、品詞タグ付け、構文解析などのタスクを順番に実行することができます。言語チェーンを使用することで、複雑な言語処理タスクを効率的に実装することができます。
c331858f-c34d-4865-a644-23b78aba22f8,user,2024/05/24 11:42:22,トークン化とは、文章をJSON形式のデータにすることか？
c331858f-c34d-4865-a644-23b78aba22f8,chatgpt,2024/05/24 11:42:22,"No, tokenization is not about converting a sentence into JSON format data."
c331858f-c34d-4865-a644-23b78aba22f8,user,2024/05/24 11:42:30,日本語で答えて
c331858f-c34d-4865-a644-23b78aba22f8,chatgpt,2024/05/24 11:42:30,トークン化とは、文章を単語や文字などの小さな単位に分割することです。JSON形式のデータにすることとは直接関係ありません。
